{
  "min": 1.0757030248641968,
  "max": 64974.0078125,
  "histogram_256": [
    1314.0,
    33376.0,
    56.0,
    31.0,
    32.0,
    40.0,
    26.0,
    37.0,
    21.0,
    15.0,
    16.0,
    23.0,
    18.0,
    14.0,
    15.0,
    14.0,
    20.0,
    17.0,
    13.0,
    12.0,
    13.0,
    6.0,
    21.0,
    14.0,
    4.0,
    19.0,
    6.0,
    10.0,
    6.0,
    15.0,
    9.0,
    9.0,
    10.0,
    10.0,
    15.0,
    9.0,
    14.0,
    8.0,
    6.0,
    5.0,
    17.0,
    5.0,
    4.0,
    7.0,
    8.0,
    12.0,
    7.0,
    6.0,
    6.0,
    10.0,
    5.0,
    6.0,
    9.0,
    8.0,
    4.0,
    7.0,
    10.0,
    9.0,
    5.0,
    6.0,
    4.0,
    11.0,
    8.0,
    5.0,
    8.0,
    6.0,
    8.0,
    10.0,
    5.0,
    8.0,
    7.0,
    7.0,
    7.0,
    7.0,
    6.0,
    0.0,
    9.0,
    9.0,
    7.0,
    6.0,
    11.0,
    6.0,
    6.0,
    8.0,
    0.0,
    13.0,
    4.0,
    6.0,
    10.0,
    8.0,
    12.0,
    0.0,
    15.0,
    11.0,
    21.0,
    20.0,
    24.0,
    0.0,
    30.0,
    34.0,
    51.0,
    0.0,
    34.0,
    44.0,
    29.0,
    48.0,
    0.0,
    46.0,
    53.0,
    36.0,
    0.0,
    37.0,
    33.0,
    44.0,
    0.0,
    31.0,
    39.0,
    24.0,
    0.0,
    37.0,
    29.0,
    28.0,
    0.0,
    31.0,
    33.0,
    0.0,
    26.0,
    31.0,
    33.0,
    0.0,
    29.0,
    22.0,
    0.0,
    21.0,
    40.0,
    0.0,
    38.0,
    29.0,
    0.0,
    38.0,
    43.0,
    0.0,
    38.0,
    34.0,
    0.0,
    43.0,
    28.0,
    0.0,
    34.0,
    43.0,
    0.0,
    34.0,
    45.0,
    0.0,
    55.0,
    49.0,
    0.0,
    48.0,
    0.0,
    48.0,
    59.0,
    0.0,
    55.0,
    47.0,
    0.0,
    69.0,
    0.0,
    99.0,
    80.0,
    0.0,
    105.0,
    124.0,
    0.0,
    151.0,
    0.0,
    236.0,
    359.0,
    0.0,
    555.0,
    0.0,
    988.0,
    1657.0,
    0.0,
    2579.0,
    0.0,
    3514.0,
    0.0,
    4030.0,
    4235.0,
    0.0,
    4155.0,
    0.0,
    4298.0,
    0.0,
    4496.0,
    4702.0,
    0.0,
    4769.0,
    0.0,
    4654.0,
    0.0,
    4529.0,
    4495.0,
    0.0,
    4573.0,
    0.0,
    4341.0,
    0.0,
    4404.0,
    0.0,
    4165.0,
    4395.0,
    0.0,
    4039.0,
    0.0,
    3491.0,
    0.0,
    2599.0,
    0.0,
    1901.0,
    0.0,
    1434.0,
    877.0,
    0.0,
    489.0,
    0.0,
    333.0,
    0.0,
    232.0,
    0.0,
    163.0,
    0.0,
    135.0,
    0.0,
    114.0,
    0.0,
    94.0,
    0.0,
    67.0,
    0.0,
    63.0,
    0.0,
    44.0,
    0.0,
    32.0,
    0.0,
    16.0,
    0.0,
    21.0,
    0.0,
    13.0,
    3.0,
    0.0,
    7.0,
    0.0,
    12.0
  ]
}